E,Pion,Muon
0.1,4.611900177163027e-17,5.672612183908005e-17
0.11220184543019636,5.668233923841535e-17,6.965742748314994e-17
0.12589254117941673,6.964017864992402e-17,8.550325883957956e-17
0.14125375446227545,8.552848116854943e-17,1.0491144489922334e-16
0.15848931924611134,1.050013176012231e-16,1.2867136047792774e-16
0.1778279410038923,1.2885639546512262e-16,1.577441945252519e-16
0.19952623149688797,1.5806596892919792e-16,1.9329951546469747e-16
0.22387211385683395,1.9381423094881243e-16,2.3675939713363484e-16
0.251188643150958,2.3754250195737276e-16,2.8985161022779214e-16
0.28183829312644537,2.9100378410286695e-16,3.546736683930129e-16
0.31622776601683794,3.5632855084835613e-16,4.337698520368187e-16
0.35481338923357547,4.3610399636027895e-16,5.30223724197994e-16
0.39810717055349726,5.334693860753212e-16,6.477691099557975e-16
0.44668359215096315,6.52230638853472e-16,7.909230433479382e-16
0.5011872336272722,7.969978430438319e-16,9.651448039889038e-16
0.5623413251903491,9.73350075670444e-16,1.1770258808145934e-15
0.6309573444801932,1.1880326690666648e-15,1.434516524699118e-15
0.7079457843841379,1.4491929671129178e-15,1.747195497808073e-15
0.7943282347242815,1.7666616493185205e-15,2.1265907085753795e-15
0.8912509381337456,2.1522878918000533e-15,2.5865596502581867e-15
1.0,2.620337996838052e-15,3.14373995080976e-15
1.1220184543019633,3.187968674432249e-15,3.818081903844098e-15
1.2589254117941673,3.8757879170139534e-15,4.633476594244394e-15
1.4125375446227544,4.708518387883545e-15,5.6184951638028785e-15
1.5848931924611136,5.7157804583859865e-15,6.807256883844044e-15
1.7782794100389228,6.933014487964739e-15,8.240446008291898e-15
1.9952623149688795,8.40256464917621e-15,9.966499858622077e-15
2.2387211385683394,1.0174949552865093e-14,1.2042993216728837e-14
2.51188643150958,1.2310348112807465e-14,1.453824683346004e-14
2.8183829312644537,1.4880332476098466e-14,1.753319064155001e-14
3.1622776601683795,1.796988338927746e-14,2.1123515011237037e-14
3.548133892335755,2.167972700173476e-14,2.542214599652397e-14
3.9810717055349722,2.6129035730046678e-14,3.0562082847988386e-14
4.466835921509632,3.1458539287483744e-14,3.669963793296135e-14
5.011872336272722,3.7834095148016353e-14,4.4018120378496645e-14
5.623413251903491,4.545077033981276e-14,5.273200495693846e-14
6.309573444801933,5.453748826721381e-14,6.309162662897047e-14
7.079457843841379,6.536229489298915e-14,7.538843834052627e-14
7.943282347242816,7.823829764877966e-14,8.996086466353851e-14
8.912509381337454,9.35303273711321e-14,1.0720077612885686e-13
10.0,1.1166236778216018e-13,1.2756059800224273e-13
11.220184543019636,1.3312578785010253e-13,1.5156105211127253e-13
12.589254117941675,1.5848839898061874e-13,1.79799510392291e-13
14.12537544622754,1.8840434051486408e-13,2.1295891329842845e-13
15.848931924611133,2.2362477247106039e-13,2.518171742796148e-13
17.78279410038923,2.650093228224561e-13,2.9725695241821273e-13
19.952623149688797,3.1353819678028763e-13,3.502756282502856e-13
22.3872113856834,3.703248064771171e-13,4.1199526222361783e-13
25.118864315095795,4.3662872012287096e-13,4.836722507512795e-13
28.183829312644534,5.138686592791676e-13,5.667063213353582e-13
31.622776601683793,6.036351907616517e-13,6.626484261084849e-13
35.48133892335755,7.077026656035353e-13,7.732070032832899e-13
39.810717055349734,8.280398517893743e-13,9.002519800394478e-13
44.6683592150963,9.66818591089779e-13,1.0458157908207318e-12
50.11872336272722,1.1264196851877272e-12,1.2120905854134778e-12
56.23413251903491,1.3094350853934684e-12,1.4014207062948625e-12
63.09573444801933,1.5186653279476613e-12,1.6162894306871727e-12
70.79457843841381,1.7571110291259837e-12,1.859298907099298e-12
79.43282347242814,2.0279571387647956e-12,2.133142177940978e-12
89.12509381337455,2.3345485570331803e-12,2.4405661795679145e-12
100.0,2.6803556588969834e-12,2.7843246606446576e-12
112.2018454301963,3.0689282573538854e-12,3.1671200717420546e-12
125.89254117941675,3.503836585569475e-12,3.5915336668086867e-12
141.2537544622754,3.988598006351342e-12,4.059943333482424e-12
158.48931924611142,4.5265883826184904e-12,4.574429045800331e-12
177.82794100389228,5.120937382230721e-12,5.1366663189105904e-12
199.52623149688787,5.774407461004181e-12,5.747808646138303e-12
223.872113856834,6.489256882343765e-12,6.408360613835887e-12
251.18864315095797,7.2670878992729966e-12,7.118044211045305e-12
281.8382931264455,8.108682146328806e-12,7.875661761992466e-12
316.22776601683796,9.013826356944125e-12,8.67895988164914e-12
354.8133892335753,9.981132716684217e-12,9.524499847367748e-12
398.1071705534973,1.1007859449673614e-11,1.0407540738876888e-11
446.683592150963,1.2089738563798972e-11,1.1321942557257605e-11
501.18723362727246,1.3220818980803295e-11,1.2260097211099489e-11
562.341325190349,1.439333446275473e-11,1.3212895665228222e-11
630.957344480193,1.55976067117328e-11,1.4169739588917104e-11
707.945784384138,1.68219946455935e-11,1.5118605421411804e-11
794.3282347242813,1.8052901010690065e-11,1.6046167806194455e-11
891.2509381337459,1.927484705210119e-11,1.693798776271807e-11
1000.0,2.0470624801497876e-11,1.777876872491117e-11
1122.018454301963,2.1621534561772513e-11,1.8552680678992627e-11
1258.9254117941675,2.2707712301348078e-11,1.9243749129154287e-11
1412.537544622754,2.3708547906626482e-11,1.9836301618360095e-11
1584.893192461114,2.4603190632209322e-11,2.0315460208358292e-11
1778.2794100389228,2.537113276957062e-11,2.0667663919997017e-11
1995.2623149688789,2.5992856749677356e-11,2.0881200955041705e-11
2238.72113856834,2.6450524920158982e-11,2.0946726914681797e-11
2511.88643150958,2.672868549652237e-11,2.0857742574837998e-11
2818.382931264455,2.6814963153941037e-11,2.0611003447921237e-11
3162.2776601683795,2.6700698918696048e-11,2.020683368861902e-11
3548.133892335753,2.6381501957291035e-11,1.9649319140528382e-11
3981.0717055349733,2.58576760211363e-11,1.8946358601583176e-11
4466.835921509631,2.5134486056725665e-11,1.8109558680153575e-11
5011.872336272725,2.422223604432047e-11,1.715396570422374e-11
5623.413251903491,2.3136137474486163e-11,1.6097637617859974e-11
6309.57344480193,2.1895958745011796e-11,1.4961069046223104e-11
7079.457843841381,2.052545861475777e-11,1.3766492967940558e-11
7943.282347242814,1.9051620867332163e-11,1.2537091834755219e-11
8912.509381337459,1.75037214659386e-11,1.1296158631907647e-11
10000.0,1.5912272515249326e-11,1.0066253457078438e-11
11220.18454301963,1.4307898033270335e-11,8.86840305809463e-12
12589.254117941662,1.2720203707326165e-11,7.721389018474159e-12
14125.375446227554,1.1176705522552474e-11,6.641164857080843e-12
15848.93192461114,9.701879830503636e-12,5.640433527543637e-12
17782.794100389227,8.316389961875391e-12,4.728405345964008e-12
19952.62314968879,7.036532303979131e-12,3.910743238114074e-12
22387.21138568338,5.873928812568017e-12,3.189688593060806e-12
25118.864315095823,4.835474617999633e-12,2.5643482350638443e-12
28183.82931264455,3.923530443780744e-12,2.0311123051797132e-12
31622.776601683792,3.136331830582856e-12,1.5841651814508477e-12
35481.33892335753,2.4685723989564523e-12,1.2160476156972929e-12
39810.71705534969,1.912108013410055e-12,9.182282482608639e-13
44668.359215096345,1.456723642792088e-12,6.816463479658767e-13
50118.72336272725,1.0909052301019003e-12,4.971943685908208e-13
56234.13251903491,8.025646104658718e-13,3.56117757361775e-13
63095.7344480193,5.796754738589493e-13,2.503192655050477e-13
70794.57843841374,4.107911390907511e-13,1.7256465418135133e-13
79432.82347242821,2.8542883628103356e-13,1.1659516054205762e-13
89125.0938133746,1.9431864362013418e-13,7.715864904087147e-14
100000.0,1.2952678098579644e-13,4.9975615611243703e-14
112201.84543019629,8.447162448696231e-14,3.1658075594247595e-14
125892.54117941661,5.385606988165547e-14,1.9599093835029875e-14
141253.75446227554,3.354174469277526e-14,1.1848773244673906e-14
158489.3192461114,2.0389488200391218e-14,6.989490876653135e-15
177827.94100389228,1.2087225566656858e-14,4.019655929655544e-15
199526.23149688786,6.9817371235132515e-15,2.251785045206927e-15
223872.11385683378,3.9257297394417295e-15,1.2276365902795603e-15
251188.6431509582,2.1467767515949166e-15,6.507494066801057e-16
281838.2931264455,1.1406123395547637e-15,3.3507387931124957e-16
316227.7660168379,5.882123377395469e-16,1.674237176821506e-16
354813.3892335753,2.941167811888299e-16,8.10950264286491e-17
398107.1705534969,1.4243732862003814e-16,3.8037096574056636e-17
446683.5921509635,6.673571913341944e-17,1.7257374524312437e-17
501187.2336272725,3.0214708143199365e-17,7.564796975088326e-18
562341.3251903491,1.320326304136344e-17,3.2000589734782734e-18
630957.344480193,5.56167837119955e-18,1.304731531115149e-18
707945.7843841374,2.255444173512544e-18,5.120729189206843e-19
794328.2347242822,8.793871633341892e-19,1.9320347683258157e-19
891250.9381337459,3.2919241943529272e-19,6.998014601569637e-20
1.0e6,1.1814624930480954e-19,2.4299335744678087e-20
