E,e_spec
0.1,2.5169556894785323e-14
0.11220184543019636,2.400989671198867e-14
0.12589254117941673,2.2885879705901214e-14
0.14125375446227545,2.1797072490221677e-14
0.15848931924611134,2.0743037515489843e-14
0.1778279410038923,1.9723332036236518e-14
0.19952623149688797,1.87375071324694e-14
0.22387211385683395,1.7785107019503232e-14
0.251188643150958,1.686566836733909e-14
0.28183829312644537,1.597871959918665e-14
0.31622776601683794,1.5123780459741216e-14
0.35481338923357547,1.4300361488390057e-14
0.39810717055349726,1.3507963612354696e-14
0.44668359215096315,1.2746077773855548e-14
0.5011872336272722,1.2014184676669174e-14
0.5623413251903491,1.1311754424860444e-14
0.6309573444801932,1.0638246433819132e-14
0.7079457843841379,9.99310923558718e-15
0.7943282347242815,9.375780409784544e-15
0.8912509381337456,8.78568655407217e-15
1.0,8.222243385060314e-15
1.1220184543019633,7.684855744337945e-15
1.2589254117941673,7.17291789110295e-15
1.4125375446227544,6.685813706689961e-15
1.5848931924611136,6.22291703802582e-15
1.7782794100389228,5.783592109571136e-15
1.9952623149688795,5.367194013601894e-15
2.2387211385683394,4.9730692817052375e-15
2.51188643150958,4.600556537748105e-15
2.8183829312644537,4.24898723205901e-15
3.1622776601683795,3.917686457508233e-15
3.548133892335755,3.605973843990245e-15
3.9810717055349722,3.3131645318270203e-15
4.466835921509632,3.038570218750422e-15
5.011872336272722,2.7815002780238773e-15
5.623413251903491,2.541262942451797e-15
6.309573444801933,2.317166548308543e-15
7.079457843841379,2.108520833376829e-15
7.943282347242816,1.914638279942125e-15
8.912509381337454,1.734835496322078e-15
10.0,1.5684346255958224e-15
11.220184543019636,1.4147647727865248e-15
12.589254117941675,1.2731634392167674e-15
14.12537544622754,1.14297795252368e-15
15.848931924611133,1.0235668812428272e-15
17.78279410038923,9.143014204955676e-16
19.952623149688797,8.145667381888462e-16
22.3872113856834,7.237632678884529e-16
25.118864315095795,6.413079372389718e-16
28.183829312644534,5.666353199079971e-16
31.622776601683793,4.991986998492446e-16
35.48133892335755,4.384710378121984e-16
39.810717055349734,3.8394583011435137e-16
44.6683592150963,3.3513785217089675e-16
50.11872336272722,2.915837789515218e-16
56.23413251903491,2.5284267737829986e-16
63.09573444801933,2.184963662903531e-16
70.79457843841381,1.8814964195893512e-16
79.43282347242814,1.6143036797406273e-16
89.12509381337455,1.3798943097258666e-16
100.0,1.1750056498730443e-16
112.2018454301963,9.96600485714616e-17
125.89254117941675,8.418628113831974e-17
141.2537544622754,7.081924593012403e-17
158.48931924611142,5.931986864170205e-17
177.82794100389228,4.9469281675906754e-17
199.52623149688787,4.106800551249644e-17
223.872113856834,3.393505848901961e-17
251.18864315095797,2.7907007987331264e-17
281.8382931264455,2.2836975401466594e-17
316.22776601683796,1.859360778233447e-17
354.8133892335753,1.5060028751350964e-17
398.1071705534973,1.2132780896252886e-17
446.683592150963,9.720771263184542e-18
501.18723362727246,7.744230772660036e-18
562.341325190349,6.133697472672494e-18
630.957344480193,4.829032256060171e-18
707.945784384138,3.778475258600584e-18
794.3282347242813,2.937748400274776e-18
891.2509381337459,2.2692101728558983e-18
1000.0,1.7410659845436426e-18
1122.018454301963,1.3266369026143085e-18
1258.9254117941675,1.0036882365158727e-18
1412.537544622754,7.538183318168031e-19
1584.893192461114,5.619069506554545e-19
1778.2794100389228,4.156217290634038e-19
1995.2623149688789,3.0498044821736404e-19
2238.72113856834,2.2196623395652648e-19
2511.88643150958,1.6019231222523864e-19
2818.382931264455,1.1461259349316568e-19
3162.2776601683795,8.127413302084463e-20
3548.133892335753,5.710740280965272e-20
3981.0717055349733,3.9750308077911946e-20
4466.835921509631,2.7401968262434563e-20
5011.872336272725,1.8702446984466797e-20
5623.413251903491,1.2634840548222291e-20
6309.57344480193,8.446404888404418e-21
7079.457843841381,5.585701438719585e-21
7943.282347242814,3.653059334021583e-21
8912.509381337459,2.3619724310586318e-21
10000.0,1.5093644320749556e-21
11220.18454301963,9.529555178042137e-22
12589.254117941662,5.942429906453314e-22
14125.375446227554,3.6586211443461503e-22
15848.93192461114,2.223190647278196e-22
17782.794100389227,1.332847197984888e-22
19952.62314968879,7.880630818777551e-23
22387.21138568338,4.593510559140598e-23
25118.864315095823,2.6384615732427582e-23
28183.82931264455,1.4927628861617788e-23
31622.776601683792,8.315118805842964e-24
35481.33892335753,4.5580440627022226e-24
39810.71705534969,2.45757360195141e-24
44668.359215096345,1.3026510068166521e-24
50118.72336272725,6.784349183798971e-25
56234.13251903491,3.469770836002614e-25
63095.7344480193,1.7415989228711606e-25
70794.57843841374,8.573938893901074e-26
79432.82347242821,4.1372812816523923e-26
89125.0938133746,1.9554950739650745e-26
100000.0,9.046836102196493e-27
112201.84543019629,4.0936696914063585e-27
125892.54117941661,1.8103767331391762e-27
141253.75446227554,7.818353466129115e-28
158489.3192461114,3.294487568836368e-28
177827.94100389228,1.3533451907168043e-28
199526.23149688786,5.414833487043524e-29
223872.11385683378,2.1081950148867843e-29
251188.6431509582,7.979294815399762e-30
281838.2931264455,2.9329901672672918e-30
316227.7660168379,1.0459203370732108e-30
354813.3892335753,3.614623257279879e-31
398107.1705534969,1.2092695347155297e-31
446683.5921509635,3.911851488308974e-32
501187.2336272725,1.2221603656346997e-32
562341.3251903491,3.683251879822628e-33
630957.344480193,1.0694134309184983e-33
707945.7843841374,2.987491073735913e-34
794328.2347242822,8.019210543886531e-35
891250.9381337459,2.0654686474723463e-35
1.0e6,5.09736212724877e-36
