E,e_Phi
0.1,2.993296535403151e-16
0.11220184543019636,3.587675209844053e-16
0.12589254117941673,4.2965771205342686e-16
0.14125375446227545,5.141252394372113e-16
0.15848931924611134,6.146707292607873e-16
0.1778279410038923,7.342326043016061e-16
0.19952623149688797,8.762586308081254e-16
0.22387211385683395,1.0447880274646528e-15
0.251188643150958,1.24454546340733e-15
0.28183829312644537,1.4810483609058336e-15
0.31622776601683794,1.7607290361036366e-15
0.35481338923357547,2.0910733135377707e-15
0.39810717055349726,2.4807773239914983e-15
0.44668359215096315,2.939924276072073e-15
0.5011872336272722,3.4801830194571323e-15
0.5623413251903491,4.115030243870349e-15
0.6309573444801932,4.859998072747293e-15
0.7079457843841379,5.732948804769773e-15
0.7943282347242815,6.754378247942559e-15
0.8912509381337456,7.947748990500602e-15
1.0,9.339854449036759e-15
1.1220184543019633,1.096121418177903e-14
1.2589254117941673,1.2846500108587888e-14
1.4125375446227544,1.5034992869039737e-14
1.5848931924611136,1.7571065984403874e-14
1.7782794100389228,2.0504694915422803e-14
1.9952623149688795,2.3891986133118623e-14
2.2387211385683394,2.77957199511486e-14
2.51188643150958,3.2285898729251496e-14
2.8183829312644537,3.744028999853307e-14
3.1622776601683795,4.334495092527206e-14
3.548133892335755,5.009471884762389e-14
3.9810717055349722,5.779364804973346e-14
4.466835921509632,6.655537077796661e-14
5.011872336272722,7.650335625473658e-14
5.623413251903491,8.777103868573897e-14
6.309573444801933,1.0050177914531208e-13
7.079457843841379,1.1484862747135564e-13
7.943282347242816,1.3097384099248336e-13
8.912509381337454,1.490481189145278e-13
10.0,1.692495066759059e-13
11.220184543019636,1.917619240446324e-13
12.589254117941675,2.1677327084320474e-13
14.12537544622754,2.4447306578404665e-13
15.848931924611133,2.7504957780366834e-13
17.78279410038923,3.0868641489314077e-13
19.952623149688797,3.45558544805003e-13
22.3872113856834,3.858277324382141e-13
25.118864315095795,4.296373966377683e-13
28.183829312644534,4.771069040621949e-13
31.622776601683793,5.283253415070984e-13
35.48133892335755,5.8334483990514e-13
39.810717055349734,6.42173540731534e-13
44.6683592150963,7.047683400615867e-13
50.11872336272722,7.710275743093628e-13
56.23413251903491,8.407838489601705e-13
63.09573444801933,9.137972481310355e-13
70.79457843841381,9.897491986778827e-13
79.43282347242814,1.0682372896827636e-12
89.12509381337455,1.148771376801478e-12
100.0,1.2307713140506205e-12
112.2018454301963,1.3135666622745354e-12
125.89254117941675,1.3963987097954813e-12
141.2537544622754,1.4784251225140613e-12
158.48931924611142,1.5587274810614504e-12
177.82794100389228,1.6363219136425987e-12
199.52623149688787,1.710172928119367e-12
223.872113856834,1.7792104544982002e-12
251.18864315095797,1.842349958767248e-12
281.8382931264455,1.8985153667924434e-12
316.22776601683796,1.9466643606862447e-12
354.8133892335753,1.9858154583461396e-12
398.1071705534973,2.0150761125320227e-12
446.683592150963,2.0336709572118334e-12
501.18723362727246,2.0409691301733926e-12
562.341325190349,2.0365096020609148e-12
630.957344480193,2.0200233278269665e-12
707.945784384138,1.991451074157404e-12
794.3282347242813,1.9509558491199085e-12
891.2509381337459,1.8989289908201007e-12
1000.0,1.8359891822247615e-12
1122.018454301963,1.7629739270474103e-12
1258.9254117941675,1.6809233435600936e-12
1412.537544622754,1.5910564963297668e-12
1584.893192461114,1.4947408670006841e-12
1778.2794100389228,1.393455945903292e-12
1995.2623149688789,1.2887522803760225e-12
2238.72113856834,1.1822075824485115e-12
2511.88643150958,1.0753818223928883e-12
2818.382931264455,9.697731395584048e-13
3162.2776601683795,8.667766702178295e-13
3548.133892335753,7.676480610739048e-13
3981.0717055349733,6.734733053546639e-13
4466.835921509631,5.851461638170628e-13
5011.872336272725,5.033540072940997e-13
5623.413251903491,4.2857243348125447e-13
6309.57344480193,3.6106850668431364e-13
7079.457843841381,3.009119839372644e-13
7943.282347242814,2.479934608096665e-13
8912.509381337459,2.0204802761153148e-13
10000.0,1.626827960613479e-13
11220.18454301963,1.2940655152775504e-13
12589.254117941662,1.0165980938928986e-13
14125.375446227554,7.884369620836921e-14
15848.93192461114,6.03463177757363e-14
17782.794100389227,4.556558890082191e-14
19952.62314968879,3.392785183228649e-14
22387.21138568338,2.4901968162251632e-14
25118.864315095823,1.8008902363794057e-14
28183.82931264455,1.2827098777600183e-14
31622.776601683792,8.994170684698978e-15
35481.33892335753,6.20556159289258e-15
39810.71705534969,4.210905083905071e-15
44668.359215096345,2.8088079259061724e-15
50118.72336272725,1.8407244787037403e-15
56234.13251903491,1.184494642056164e-15
63095.7344480193,7.479994428050842e-16
70794.57843841374,4.632633168531609e-16
79432.82347242821,2.81212996223798e-16
89125.0938133746,1.671988739278935e-16
100000.0,9.73012164631725e-17
112201.84543019629,5.538256489682444e-17
125892.54117941661,3.0808229799125205e-17
141253.75446227554,1.6736095129154954e-17
158489.3192461114,8.87106256303468e-18
177827.94100389228,4.5841313464621125e-18
199526.23149688786,2.307328208105902e-18
223872.11385683378,1.1301307512525457e-18
251188.6431509582,5.381409230634614e-19
281838.2931264455,2.488726427776415e-19
316227.7660168379,1.1166640518625283e-19
354813.3892335753,4.8558692738563424e-20
398107.1705534969,2.0442289036152618e-20
446683.5921509635,8.321718750437165e-21
501187.2336272725,3.2719293051614575e-21
562341.3251903491,1.2409996042305925e-21
630957.344480193,4.53490621029331e-22
707945.7843841374,1.5945128681163218e-22
794328.2347242822,5.387240045453586e-23
891250.9381337459,1.7465436958336728e-23
1.0e6,5.425548342948098e-24
